Result, First, Second
-1, 95, 5
1, 146, 36
1, 60, 57
-1, 184, 165
1, 149, 142
1, 61, 55
-1, 44, 162
1, 143, 172
-1, 89, 41
1, 12, 1
-1, 188, 121
-1, 128, 182
1, 68, 164
1, 191, 139
-1, 88, 84
-1, 136, 93
1, 105, 8
1, 17, 136
1, 96, 107
-1, 175, 127
1, 192, 144
1, 22, 154
-1, 11, 153
-1, 122, 102
1, 44, 158
-1, 138, 162
-1, 45, 190
1, 196, 83
-1, 20, 166
-1, 45, 13
1, 19, 171
-1, 25, 27
-1, 168, 175
-1, 178, 53
1, 136, 128
1, 194, 189
1, 124, 160
1, 71, 163
1, 173, 3
-1, 126, 175
1, 87, 23
-1, 140, 108
-1, 17, 131
-1, 59, 161
-1, 168, 174
1, 179, 71
-1, 41, 178
-1, 92, 40
-1, 138, 13
-1, 140, 26
1, 4, 113
1, 111, 191
1, 194, 1
-1, 67, 43
1, 127, 40
-1, 139, 69
-1, 107, 108
1, 108, 139
1, 127, 85
1, 189, 191
1, 114, 193
-1, 133, 175
1, 112, 63
1, 1, 137
-1, 74, 148
-1, 1, 85
-1, 80, 53
-1, 122, 5
-1, 23, 147
1, 131, 161
-1, 45, 2
-1, 186, 157
-1, 137, 116
1, 182, 53
-1, 195, 90
-1, 128, 81
-1, 113, 54
1, 69, 54
-1, 113, 68
1, 4, 59
-1, 45, 103
1, 52, 83
1, 45, 99
-1, 15, 35
1, 195, 58
1, 10, 134
1, 21, 40
-1, 23, 142
-1, 59, 5
-1, 33, 178
-1, 194, 61
-1, 123, 57
1, 181, 130
-1, 157, 54
-1, 55, 84
1, 87, 194
1, 72, 8
1, 51, 120
1, 155, 74
1, 130, 20
1, 52, 112
1, 54, 55
1, 87, 146
1, 153, 72
1, 96, 37
-1, 69, 170
1, 131, 74
1, 134, 151
1, 60, 160
-1, 141, 27
1, 113, 80
-1, 40, 29
-1, 97, 22
-1, 161, 10
-1, 178, 57
1, 85, 61
1, 137, 158
-1, 169, 94
1, 7, 55
-1, 136, 172
1, 181, 122
1, 190, 192
-1, 20, 22
-1, 179, 29
1, 26, 20
-1, 105, 167
-1, 113, 129
-1, 146, 126
-1, 186, 16
1, 15, 130
-1, 179, 51
-1, 79, 119
1, 105, 129
1, 47, 8
1, 105, 51
-1, 172, 68
1, 20, 93
-1, 59, 6
-1, 183, 100
1, 154, 121
-1, 30, 170
-1, 84, 9
1, 96, 72
1, 22, 128
-1, 75, 93
-1, 114, 22
-1, 1, 25
-1, 159, 188
-1, 178, 150
-1, 101, 29
-1, 137, 156
-1, 93, 132
-1, 128, 42
-1, 116, 193
-1, 50, 141
-1, 33, 109
1, 159, 49
1, 96, 181
-1, 186, 90
1, 196, 188
-1, 122, 60
1, 87, 80
-1, 31, 70
1, 73, 80
-1, 174, 54
-1, 63, 146
-1, 3, 110
-1, 39, 182
-1, 137, 170
1, 93, 58
1, 144, 187
-1, 100, 195
-1, 53, 7
1, 167, 146
1, 125, 126
1, 195, 103
-1, 98, 13
-1, 140, 32
-1, 173, 131
1, 85, 24
1, 144, 70
-1, 83, 55
1, 170, 23
-1, 147, 38
-1, 30, 129
1, 105, 6
1, 71, 186
-1, 35, 33
1, 120, 101
1, 14, 138
1, 34, 184
-1, 179, 33
-1, 46, 108
1, 17, 75
-1, 79, 164
-1, 10, 160
-1, 97, 69
-1, 189, 175
1, 139, 47
1, 154, 110
1, 157, 180
1, 43, 150
1, 91, 76
1, 81, 7
1, 143, 48
1, 173, 34
1, 131, 106
1, 89, 21
1, 39, 163
1, 96, 141
1, 50, 155
1, 103, 88
1, 25, 145
1, 149, 100
1, 145, 101
1, 89, 29
1, 10, 69
1, 171, 13
1, 184, 79
-1, 188, 132
1, 76, 8
-1, 122, 47
-1, 81, 143
-1, 160, 94
-1, 86, 80
-1, 33, 12
-1, 69, 57
-1, 31, 21
-1, 145, 117
1, 22, 58
-1, 75, 2
-1, 82, 34
1, 157, 167
1, 17, 70
-1, 52, 128
-1, 38, 126
-1, 186, 25
-1, 115, 136
-1, 140, 143
-1, 193, 194
-1, 50, 162
1, 109, 42
1, 156, 48
1, 144, 158
-1, 108, 167
1, 86, 25
-1, 171, 114
-1, 184, 133
-1, 59, 33
-1, 81, 103
-1, 20, 170
-1, 139, 102
1, 172, 67
1, 172, 150
-1, 88, 38
1, 172, 186
-1, 140, 127
-1, 29, 132
-1, 184, 84
1, 62, 193
-1, 184, 70
1, 108, 99
-1, 195, 111
-1, 177, 111
1, 179, 134
-1, 167, 111
-1, 49, 111
1, 68, 144
-1, 165, 132
1, 78, 161
-1, 124, 131
1, 172, 124
1, 73, 67
1, 166, 145
1, 73, 48
1, 25, 141
1, 189, 19
1, 27, 117
-1, 28, 10
1, 152, 128
-1, 148, 107
1, 96, 62
1, 150, 146
-1, 40, 152
-1, 142, 179
1, 27, 28
-1, 6, 68
-1, 31, 129
-1, 95, 0
-1, 75, 43
-1, 43, 87
-1, 13, 140
-1, 193, 17
-1, 8, 127
1, 57, 41
1, 141, 59
1, 182, 112
-1, 123, 47
-1, 168, 3
1, 127, 12
1, 29, 23
-1, 106, 113
-1, 121, 147
-1, 105, 48
-1, 96, 175
1, 30, 39
-1, 7, 26
-1, 34, 82
-1, 180, 38
-1, 73, 94
1, 66, 68
-1, 155, 180
-1, 187, 159
1, 67, 184
1, 12, 108
1, 97, 25
-1, 194, 24
-1, 151, 170
-1, 178, 116
1, 135, 6
-1, 155, 54
1, 69, 7
-1, 63, 146
1, 61, 76
1, 89, 151
1, 51, 40
-1, 187, 85
1, 145, 186
-1, 132, 153
-1, 189, 19
-1, 119, 0
-1, 187, 133
1, 58, 51
1, 125, 1
1, 89, 142
-1, 39, 179
-1, 195, 104
1, 194, 168
-1, 99, 95
-1, 55, 111
-1, 55, 40
1, 64, 187
-1, 169, 93
-1, 133, 89
1, 162, 49
1, 120, 143
1, 165, 48
1, 151, 86
-1, 141, 107
-1, 83, 135
-1, 51, 60
-1, 160, 140
-1, 134, 105
-1, 46, 162
-1, 193, 127
1, 109, 144
1, 90, 166
-1, 128, 4
1, 113, 23
-1, 5, 100
-1, 161, 5
1, 88, 186
1, 145, 128
-1, 171, 69
-1, 160, 29
-1, 2, 53
1, 182, 34
1, 115, 82
-1, 46, 173
1, 38, 30
-1, 8, 191
1, 55, 127
1, 2, 11
1, 130, 84
1, 50, 152
1, 144, 20
1, 183, 139
1, 114, 84
1, 68, 34
1, 183, 72
-1, 86, 65
-1, 3, 71
-1, 33, 173
1, 2, 84
1, 19, 95
1, 13, 24
-1, 113, 131
-1, 8, 192
0, 8, 192
0, 108, 29
1, 181, 79
1, 94, 115
1, 45, 7
1, 92, 99
0, 108, 29
0, 8, 192
0, 94, 115
0, 45, 7
0, 181, 79
0, 92, 99
0, 132, 139
0, 167, 93
-1, 86, 163
-1, 27, 20
-1, 152, 97
-1, 31, 65
-1, 195, 133
-1, 26, 92
-1, 82, 25
-1, 163, 6
0, 21, 23
-1, 148, 147
-1, 57, 41
0, 21, 23
0, 148, 147
0, 57, 41
0, 85, 86
0, 21, 23
0, 57, 41
0, 148, 147
0, 85, 86
0, 80, 151
0, 112, 90
0, 11, 66
0, 69, 66
1, 18, 125
1, 49, 157
1, 111, 147
1, 122, 113
1, 3, 152
1, 3, 109
1, 134, 58
1, 167, 187
0, 64, 182
0, 60, 105
-1, 100, 164
0, 60, 105
0, 100, 164
0, 93, 126
1, 154, 6
-1, 126, 118
0, 96, 87
0, 193, 131
1, 125, 168
1, 28, 132
1, 35, 185
-1, 23, 26
1, 37, 11
-1, 50, 32
1, 132, 128
-1, 46, 20
-1, 8, 129
0, 195, 62
1, 85, 123
1, 56, 144
-1, 118, 172
1, 152, 107
1, 149, 130
-1, 41, 104
1, 150, 161
-1, 190, 64
1, 10, 88
1, 50, 95
1, 131, 79
1, 38, 110
1, 42, 179
-1, 97, 122
-1, 116, 176
-1, 142, 177
1, 15, 5
-1, 4, 102
1, 101, 42
1, 74, 161
1, 151, 132
1, 177, 118
-1, 185, 73
-1, 93, 129
-1, 73, 193
-1, 2, 174
-1, 16, 157
0, 48, 190
1, 94, 97
1, 77, 124
-1, 122, 116
1, 48, 116
-1, 115, 155
0, 35, 18
0, 128, 190
0, 14, 30
0, 61, 173
-1, 63, 75
1, 153, 167
-1, 139, 103
-1, 81, 154
-1, 110, 193
-1, 175, 176
1, 93, 73
1, 96, 103
1, 140, 80
0, 143, 38
-1, 80, 49
-1, 8, 195
-1, 81, 107
-1, 133, 159
-1, 171, 149
1, 62, 81
1, 118, 146
0, 36, 42
1, 50, 122
0, 26, 132
-1, 62, 142
1, 39, 73
0, 121, 85
1, 24, 123
-1, 46, 85
-1, 8, 84
1, 107, 110
1, 24, 31
1, 51, 124
1, 134, 145
1, 171, 187
0, 82, 89
-1, 74, 56
0, 69, 108
0, 195, 84
1, 106, 25
1, 54, 79
0, 53, 120
0, 85, 95
1, 67, 191
-1, 1, 124
1, 108, 135
1, 10, 160
1, 84, 55
0, 10, 180
-1, 99, 22
0, 88, 115
1, 89, 122
0, 47, 121
1, 180, 123
1, 177, 100
-1, 157, 91
-1, 92, 49
1, 124, 31
1, 24, 58
1, 175, 112
-1, 92, 40
1, 194, 93
-1, 115, 28
1, 196, 99
-1, 74, 91
1, 76, 86
0, 130, 39
0, 131, 190
-1, 84, 151
-1, 46, 165
1, 165, 93
-1, 88, 174
1, 106, 139
-1, 147, 131
-1, 41, 26
1, 171, 97
0, 173, 68
0, 53, 30
-1, 50, 48
1, 140, 92
0, 29, 195
-1, 185, 61
-1, 1, 25
1, 66, 45
-1, 36, 90
0, 105, 153
-1, 169, 173
0, 51, 185
1, 51, 138
1, 39, 1
1, 127, 144
1, 183, 63
0, 176, 125
-1, 49, 177
1, 143, 28
-1, 24, 159
0, 83, 115
0, 115, 34
0, 184, 161
1, 159, 169
0, 86, 68
-1, 145, 170
1, 5, 50
1, 26, 34
1, 2, 65
1, 111, 133
1, 6, 113
-1, 98, 129
-1, 99, 15
0, 43, 150
1, 60, 44
1, 124, 57
-1, 74, 66
0, 130, 33
1, 153, 36
0, 13, 86
-1, 9, 69
-1, 14, 170
1, 39, 82
-1, 160, 96
1, 154, 156
1, 127, 65
0, 36, 148
0, 148, 191
-1, 192, 5
0, 39, 38
-1, 36, 69
1, 26, 11
1, 104, 107
-1, 28, 41
0, 5, 24
1, 101, 42
1, 28, 141
1, 93, 88
-1, 113, 178
0, 54, 33
1, 174, 138
-1, 15, 77
-1, 174, 138
0, 100, 67
0, 178, 11
1, 121, 186
0, 29, 135
-1, 57, 154
1, 37, 42
-1, 42, 14
-1, 67, 2
-1, 34, 76
1, 174, 16
1, 37, 36
0, 29, 193
-1, 126, 142
-1, 115, 154
-1, 186, 146
0, 78, 142
0, 13, 182
0, 125, 143
-1, 31, 81
0, 105, 70
0, 125, 146
1, 97, 123
1, 2, 186
-1, 78, 132
0, 92, 110
-1, 111, 43
0, 129, 151
-1, 152, 159
-1, 69, 89
-1, 6, 20
1, 169, 46
0, 125, 146
1, 138, 81
1, 63, 31
1, 180, 50
0, 43, 104
-1, 138, 134
-1, 139, 2
1, 87, 121
1, 164, 117
-1, 18, 103
1, 92, 138
0, 39, 54
1, 26, 6
1, 68, 67
0, 109, 186
1, 150, 73
-1, 50, 103
-1, 141, 103
1, 15, 168
0, 121, 172
-1, 92, 91
1, 165, 152
1, 162, 17
0, 193, 153
-1, 57, 142
1, 93, 18
-1, 191, 37
-1, 168, 3
-1, 123, 133
-1, 124, 27
1, 113, 160
-1, 21, 137
1, 147, 148
0, 98, 77
0, 176, 26
1, 80, 124
0, 173, 84
0, 37, 69
0, 192, 31
0, 143, 57
0, 29, 17
0, 6, 74
0, 64, 155
1, 74, 78
-1, 8, 172
1, 36, 69
-1, 25, 121
1, 190, 175
1, 65, 82
1, 21, 115
-1, 193, 56
-1, 136, 39
1, 57, 149
1, 93, 98
1, 51, 133
1, 41, 75
0, 176, 19
0, 175, 173
0, 109, 101
-1, 59, 138
-1, 73, 150
1, 134, 184
1, 68, 142
-1, 74, 124
-1, 73, 70
-1, 117, 165
1, 7, 152
-1, 59, 141
-1, 145, 48
-1, 175, 157
0, 101, 108
0, 54, 67
1, 173, 17
1, 120, 16
0, 78, 119
1, 32, 46
-1, 174, 116
-1, 148, 2
0, 171, 144
-1, 82, 69
1, 167, 20
1, 113, 126
-1, 98, 0
-1, 159, 170
1, 107, 187
1, 51, 187
1, 129, 40
1, 38, 158
1, 104, 188
1, 196, 119
-1, 41, 125
1, 109, 71
-1, 141, 88
1, 180, 72
1, 77, 188
-1, 187, 47
-1, 123, 173
-1, 46, 28
-1, 104, 26
1, 175, 82
1, 175, 39
1, 55, 56
-1, 126, 46
-1, 92, 195
-1, 113, 46
-1, 132, 174
1, 97, 152
-1, 31, 181
1, 140, 132
1, 108, 84
-1, 126, 193
-1, 40, 62
-1, 145, 32
1, 117, 110
1, 62, 48
-1, 132, 107
1, 180, 9
0, 107, 69
1, 24, 58
1, 118, 37
1, 2, 0
-1, 86, 26
1, 1, 73
-1, 14, 168
1, 24, 49
0, 41, 29
1, 57, 98
-1, 122, 177
-1, 186, 13
1, 106, 156
-1, 169, 114
-1, 173, 134
1, 98, 8
-1, 48, 126
-1, 186, 87
-1, 146, 10
-1, 107, 153
0, 174, 35
0, 15, 195
-1, 26, 31
-1, 158, 167
1, 100, 6
-1, 38, 35
1, 143, 9
1, 93, 31
1, 168, 9
1, 151, 75
1, 75, 66
1, 162, 149
1, 196, 64
-1, 48, 72
-1, 32, 91
-1, 64, 139
1, 64, 147
-1, 42, 76
-1, 186, 42
-1, 191, 42
-1, 160, 75
-1, 172, 118
1, 101, 132
1, 176, 169
1, 193, 82
0, 80, 42
1, 54, 31
1, 39, 24
-1, 45, 172
-1, 74, 12
-1, 58, 132
-1, 13, 33
0, 78, 126
-1, 169, 121
-1, 25, 106
-1, 133, 171
1, 142, 141
1, 37, 128
-1, 21, 4
-1, 88, 38
-1, 171, 127
1, 95, 83
1, 129, 97
-1, 18, 72
-1, 48, 134
1, 45, 155
1, 146, 161
-1, 84, 2
-1, 67, 152
-1, 54, 78
-1, 91, 133
1, 167, 192
-1, 73, 116
1, 159, 185
-1, 156, 75
0, 12, 144
-1, 194, 101
-1, 30, 41
0, 66, 55
1, 68, 66
-1, 36, 101
-1, 171, 75
1, 116, 2
0, 49, 114
-1, 64, 84
1, 144, 11
-1, 27, 13
1, 23, 46
1, 171, 169
-1, 55, 165
-1, 123, 11
-1, 175, 185
1, 94, 41
0, 19, 22
0, 194, 114
0, 116, 43
0, 100, 90
0, 50, 85
0, 37, 163
1, 64, 110
0, 62, 25
1, 30, 138
-1, 57, 10
-1, 57, 120
-1, 76, 177
-1, 36, 184
1, 103, 163
1, 184, 73
-1, 160, 94
-1, 100, 66
1, 56, 192
-1, 46, 112
-1, 163, 6
-1, 18, 180
-1, 92, 12
-1, 167, 13
-1, 49, 65
1, 142, 82
1, 76, 111
1, 153, 145
1, 61, 35
-1, 82, 61
1, 19, 73
1, 150, 4
-1, 11, 115
-1, 97, 85
-1, 59, 129
-1, 44, 88
-1, 59, 71
0, 64, 104
-1, 8, 143
-1, 79, 56
0, 109, 10
-1, 89, 56
1, 24, 107
-1, 155, 53
1, 35, 92
1, 46, 163
-1, 28, 88
-1, 159, 79
1, 116, 107
-1, 82, 51
-1, 55, 10
1, 51, 114
-1, 140, 123
1, 69, 171
-1, 144, 136
1, 185, 139
-1, 141, 51
-1, 71, 128
1, 113, 118
-1, 161, 136
-1, 53, 125
1, 45, 80
-1, 91, 146
-1, 36, 18
1, 26, 171
-1, 107, 42
-1, 116, 193
-1, 51, 170
1, 113, 43
-1, 113, 26
1, 176, 97
1, 102, 133
1, 93, 107
-1, 83, 183
1, 100, 155
-1, 15, 147
1, 95, 100
1, 6, 169
1, 175, 185
-1, 161, 160
0, 129, 102
-1, 107, 33
-1, 193, 118
1, 164, 165
1, 148, 122
-1, 0, 77
1, 15, 126
1, 52, 123
-1, 147, 131
-1, 98, 139
-1, 141, 153
-1, 73, 87
-1, 106, 193
0, 145, 135
0, 157, 52
-1, 122, 25
1, 91, 181
1, 152, 23
0, 137, 66
-1, 52, 62
1, 77, 86
-1, 77, 147
-1, 139, 115
-1, 166, 172
0, 88, 131
1, 35, 99
-1, 15, 127
1, 105, 135
-1, 38, 163
0, 132, 27
1, 96, 61
-1, 6, 185
-1, 154, 47
-1, 33, 123
-1, 79, 119
1, 47, 136
1, 33, 170
1, 128, 72
-1, 59, 42
-1, 98, 38
-1, 110, 180
1, 165, 155
-1, 63, 109
1, 94, 170
1, 44, 55
0, 60, 139
1, 190, 170
1, 195, 140
-1, 45, 86
-1, 97, 91
0, 37, 91
-1, 8, 17
1, 98, 7
-1, 136, 111
1, 45, 181
-1, 163, 13
1, 176, 111
-1, 150, 53
0, 17, 180
-1, 110, 159
0, 178, 44
0, 146, 69
1, 173, 156
-1, 50, 174
1, 15, 142
1, 194, 12
1, 43, 89
0, 166, 114
1, 56, 92
0, 171, 188
-1, 139, 135
0, 155, 143
1, 111, 79
1, 0, 141
0, 49, 148
-1, 80, 120
0, 173, 62
0, 107, 22
1, 43, 148
0, 184, 81
-1, 79, 176
0, 80, 49
1, 107, 0
0, 47, 41
1, 94, 99
1, 139, 87
-1, 87, 60
1, 44, 51
-1, 142, 50
-1, 160, 19
1, 107, 154
1, 95, 6
1, 118, 119
1, 3, 161
-1, 60, 80
-1, 82, 98
-1, 186, 191
-1, 94, 59
1, 193, 114
-1, 145, 43
-1, 36, 6
1, 114, 112
1, 134, 138
-1, 128, 28
-1, 148, 111
-1, 75, 91
-1, 63, 136
-1, 51, 151
-1, 49, 169
0, 171, 178
-1, 82, 66
-1, 123, 101
1, 114, 170
1, 35, 182
-1, 111, 148
1, 181, 43
-1, 185, 81
-1, 39, 43
-1, 124, 191
-1, 17, 126
0, 137, 34
0, 39, 138
0, 30, 175
1, 141, 171
0, 134, 167
0, 189, 71
-1, 161, 86
0, 111, 25
0, 138, 115
0, 114, 71
1, 56, 10
1, 57, 169
1, 150, 184
-1, 186, 84
-1, 24, 92
1, 17, 14
-1, 43, 187
0, 172, 24
-1, 19, 33
-1, 101, 4
-1, 38, 77
1, 135, 0
1, 104, 121
1, 138, 116
-1, 51, 108
-1, 187, 70
1, 32, 156
1, 38, 133
0, 188, 68
1, 193, 167
1, 167, 39
-1, 45, 165
-1, 33, 159
0, 131, 34
1, 37, 12
-1, 70, 27
1, 154, 189
-1, 175, 20
0, 134, 111
-1, 114, 25
1, 182, 138
-1, 126, 20
1, 94, 33
-1, 96, 30
1, 71, 161
1, 91, 89
1, 116, 22
1, 115, 156
-1, 79, 183
-1, 138, 106
-1, 80, 121
-1, 101, 120
-1, 1, 25
-1, 182, 170
-1, 22, 85
-1, 152, 49
1, 184, 186
-1, 138, 96
-1, 62, 146
-1, 113, 188
-1, 148, 132
-1, 183, 132
1, 53, 124
1, 132, 95
-1, 173, 179
1, 27, 115
1, 129, 12
-1, 127, 75
1, 53, 38
1, 176, 3
-1, 81, 138
-1, 155, 146
1, 195, 180
1, 49, 79
-1, 78, 135
-1, 16, 26
1, 127, 11
1, 127, 182
1, 94, 83
-1, 160, 12
1, 48, 97
-1, 86, 118
1, 116, 158
1, 141, 41
-1, 174, 100
1, 107, 3
1, 113, 177
-1, 63, 158
-1, 9, 141
-1, 84, 56
1, 177, 21
-1, 34, 153
-1, 28, 61
1, 115, 192
0, 56, 59
0, 88, 133
1, 50, 165
0, 31, 95
-1, 3, 34
-1, 111, 182
1, 81, 63
1, 31, 56
1, 64, 78
1, 195, 87
1, 86, 142
-1, 83, 102
1, 134, 74
1, 180, 92
1, 85, 12
1, 144, 139
1, 91, 158
1, 124, 45
1, 123, 65
1, 146, 70
1, 163, 127
1, 55, 151
1, 51, 155
1, 82, 67
1, 46, 137
1, 8, 153
1, 4, 28
1, 132, 60
1, 143, 133
1, 14, 137
1, 87, 98
-1, 40, 130
1, 188, 141
1, 159, 82
1, 0, 103
-1, 149, 32
-1, 171, 104
0, 12, 120
-1, 62, 42
1, 127, 79
1, 145, 150
-1, 123, 98
-1, 9, 29
1, 158, 81
1, 0, 97
1, 163, 102
-1, 74, 137
1, 32, 195
-1, 43, 24
0, 40, 20
1, 84, 187
-1, 114, 25
1, 108, 7
1, 152, 127
-1, 51, 149
1, 154, 57
1, 115, 190
1, 143, 157
1, 173, 11
-1, 40, 136
-1, 22, 167
-1, 121, 6
1, 159, 122
-1, 70, 194
-1, 128, 179
1, 129, 79
-1, 9, 176
-1, 191, 139
1, 40, 99
1, 143, 79
1, 117, 168
1, 130, 138
1, 18, 76
-1, 180, 58
1, 104, 65
-1, 161, 2
-1, 161, 43
0, 189, 129
-1, 0, 61
0, 170, 34
1, 16, 58
-1, 144, 153
-1, 9, 57
1, 11, 59
1, 109, 114
0, 192, 153
-1, 187, 172
0, 151, 77
0, 7, 120
0, 20, 1
-1, 175, 193
1, 154, 172
0, 95, 29
1, 179, 29
-1, 116, 140
0, 32, 87
0, 165, 47
-1, 91, 60
0, 192, 17
1, 133, 99
0, 61, 140
0, 127, 66
1, 60, 8
0, 69, 108
-1, 161, 130
1, 114, 57
-1, 187, 94
-1, 42, 101
0, 85, 80
1, 89, 169
-1, 128, 142
1, 30, 184
1, 39, 187
1, 1, 100
1, 114, 111
-1, 161, 101
-1, 81, 25
-1, 177, 59
1, 98, 66
1, 39, 136
1, 67, 40
-1, 151, 143
1, 86, 35
1, 175, 139
-1, 45, 105
-1, 139, 141
-1, 76, 180
-1, 72, 174
-1, 163, 29
1, 38, 8
0, 145, 122
1, 29, 122
-1, 103, 159
0, 57, 131
-1, 40, 13
1, 63, 192
0, 106, 53
0, 128, 160
-1, 141, 188
-1, 59, 74
1, 83, 194
-1, 169, 121
0, 144, 94
0, 14, 118
1, 18, 10
1, 113, 128
0, 139, 163
-1, 157, 190
-1, 147, 71
1, 112, 97
0, 140, 182
-1, 42, 19
-1, 109, 170
-1, 139, 99
1, 3, 168
-1, 89, 143
1, 42, 145
1, 113, 63
1, 93, 194
1, 75, 123
1, 169, 152
1, 127, 31
1, 2, 9
-1, 4, 162
-1, 101, 2
-1, 34, 100
-1, 133, 10
1, 135, 49
-1, 9, 77
-1, 95, 29
1, 142, 33
-1, 64, 96
1, 139, 3
1, 178, 157
-1, 24, 178
-1, 93, 69
-1, 137, 100
-1, 99, 137
0, 112, 56
0, 161, 26
0, 100, 193
1, 32, 42
-1, 21, 127
-1, 128, 94
0, 117, 159
-1, 79, 16
-1, 36, 126
1, 94, 143
1, 20, 25
-1, 164, 101
-1, 36, 169
1, 186, 188
-1, 80, 57
-1, 121, 104
-1, 68, 182
1, 84, 49
1, 74, 17
-1, 195, 166
1, 140, 158
-1, 47, 23
-1, 32, 195
1, 77, 136
1, 14, 88
-1, 157, 10
1, 106, 143
1, 151, 120
1, 189, 162
1, 99, 73
1, 91, 3
1, 83, 183
1, 120, 104
-1, 73, 4
1, 31, 38
1, 141, 156
1, 74, 51
-1, 43, 98
-1, 86, 114
-1, 69, 123
-1, 110, 68
-1, 143, 114
1, 38, 113
-1, 110, 32
-1, 111, 130
1, 34, 114
1, 58, 2
-1, 170, 165
-1, 79, 76
-1, 28, 105
-1, 124, 4
-1, 66, 105
1, 27, 36
-1, 8, 181
-1, 41, 138
1, 170, 70
1, 146, 163
1, 52, 36
1, 48, 129
1, 12, 22
1, 94, 79
1, 128, 24
-1, 71, 129
1, 48, 179
-1, 7, 87
1, 184, 127
-1, 179, 43
1, 20, 161
1, 25, 136
-1, 112, 152
1, 82, 183
-1, 83, 119
0, 26, 22
1, 78, 85
-1, 77, 161
1, 83, 13
0, 22, 181
1, 72, 120
1, 10, 61
0, 189, 61
0, 8, 191
1, 53, 168
1, 127, 32
0, 114, 73
1, 80, 176
1, 137, 12
-1, 21, 22
-1, 195, 1
1, 191, 31
1, 194, 131
-1, 123, 122
-1, 145, 90
1, 166, 195
0, 0, 84
-1, 82, 0
1, 30, 122
1, 106, 35
1, 10, 111
0, 123, 58
1, 79, 80
1, 151, 180
-1, 74, 104
-1, 54, 192
1, 153, 110
0, 116, 148
-1, 57, 87
1, 94, 70
-1, 165, 51
1, 76, 87
-1, 36, 65
1, 42, 98
-1, 20, 121
-1, 160, 194
1, 174, 77
1, 164, 64
-1, 31, 16
1, 123, 48
-1, 43, 130
1, 101, 132
1, 100, 34
-1, 35, 119
-1, 27, 113
0, 13, 51
-1, 189, 149
-1, 184, 35
1, 58, 76
1, 170, 72
-1, 116, 162
1, 175, 16
1, 182, 116
-1, 160, 20
1, 155, 122
-1, 20, 141
1, 56, 19
1, 122, 163
-1, 154, 161
1, 61, 144
1, 20, 110
1, 3, 160
1, 29, 58
-1, 32, 91
1, 119, 126
-1, 94, 128
1, 54, 46
-1, 31, 50
-1, 144, 42
1, 70, 49
-1, 82, 148
-1, 35, 77
-1, 143, 95
1, 54, 55
-1, 77, 178
1, 173, 137
-1, 43, 167
1, 65, 43
-1, 98, 157
1, 108, 49
1, 195, 40
1, 80, 32
0, 100, 52
-1, 63, 38
-1, 3, 116
1, 106, 135
-1, 174, 94
-1, 58, 18
-1, 154, 168
-1, 121, 143
1, 12, 99
-1, 39, 154
-1, 55, 170
-1, 91, 113
1, 70, 111
-1, 32, 185
-1, 106, 56
-1, 138, 194
1, 85, 39
-1, 138, 93
1, 27, 161
1, 165, 193
-1, 52, 46
1, 77, 43
-1, 115, 172
-1, 106, 87
-1, 137, 40
-1, 38, 172
1, 152, 194
1, 109, 17
1, 27, 78
-1, 152, 156
-1, 191, 140
-1, 38, 170
1, 62, 52
-1, 129, 178
-1, 88, 3
1, 112, 48
0, 135, 187
-1, 72, 60
-1, 146, 169
1, 132, 163
-1, 1, 47
-1, 77, 188
1, 132, 168
-1, 138, 101
1, 177, 125
1, 69, 150
-1, 157, 65
-1, 97, 44
1, 30, 112
-1, 112, 62
1, 21, 149
-1, 184, 61
1, 136, 1
-1, 188, 179
-1, 23, 183
-1, 174, 86
1, 16, 71
1, 38, 90
-1, 154, 22
1, 100, 110
-1, 35, 163
1, 27, 59
1, 152, 139
1, 87, 178
-1, 140, 5
0, 16, 7
1, 55, 42
0, 36, 134
1, 154, 37
0, 132, 105
0, 140, 120
1, 30, 135
-1, 106, 54
1, 188, 127
1, 24, 123
0, 71, 159
-1, 118, 55
1, 40, 85
0, 170, 34
1, 52, 82
1, 30, 21
1, 55, 68
-1, 51, 13
1, 191, 63
1, 23, 163
-1, 109, 175
-1, 100, 77
-1, 146, 119
0, 157, 54
1, 76, 6
1, 165, 2
-1, 6, 20
0, 140, 122
1, 54, 67
1, 119, 108
0, 44, 125
0, 84, 172
-1, 50, 140
-1, 117, 70
1, 156, 59
-1, 179, 28
1, 22, 36
-1, 170, 41
-1, 184, 121
-1, 58, 116
1, 24, 72
-1, 173, 143
-1, 110, 138
-1, 36, 192
1, 19, 116
-1, 95, 41
0, 93, 156
-1, 122, 167
0, 45, 162
-1, 123, 176
1, 85, 112
0, 140, 110
1, 164, 104
0, 124, 15
1, 130, 192
1, 125, 88
0, 69, 14
-1, 140, 25
-1, 70, 181
1, 83, 63
-1, 23, 21
0, 110, 87
-1, 100, 172
1, 62, 52
1, 114, 86
0, 52, 82
1, 98, 125
-1, 116, 2
1, 97, 128
1, 134, 184
-1, 93, 35
-1, 104, 90
1, 190, 7
1, 158, 130
0, 177, 53
-1, 155, 50
-1, 23, 70
-1, 189, 105
-1, 57, 30
1, 133, 122
-1, 185, 91
-1, 84, 5
-1, 161, 71
-1, 42, 166
-1, 110, 138
-1, 185, 141
1, 2, 141
1, 121, 155
1, 173, 155
1, 89, 106
-1, 9, 153
1, 96, 71
-1, 144, 7
1, 101, 84
-1, 105, 129
-1, 13, 29
-1, 4, 159
-1, 101, 124
-1, 169, 85
-1, 169, 14
1, 153, 163
1, 156, 155
1, 147, 81
-1, 63, 54
-1, 39, 165
0, 145, 98
1, 94, 188
-1, 42, 29
0, 44, 54
-1, 139, 128
-1, 5, 85
-1, 190, 32
-1, 144, 66
-1, 101, 125
-1, 138, 179
-1, 11, 117
-1, 106, 173
1, 151, 62
-1, 184, 185
-1, 123, 46
1, 117, 17
-1, 84, 139
-1, 7, 47
1, 142, 49
1, 36, 131
-1, 50, 89
1, 178, 12
-1, 109, 170
-1, 122, 60
0, 125, 172
-1, 80, 129
1, 159, 190
-1, 43, 151
1, 120, 93
-1, 113, 101
-1, 42, 19
1, 104, 58
1, 184, 115
1, 94, 167
1, 71, 145
-1, 4, 142
1, 168, 46
1, 33, 71
1, 130, 4
-1, 189, 10
-1, 173, 13
-1, 144, 160
-1, 46, 179
1, 47, 87
-1, 172, 162
-1, 83, 121
-1, 128, 102
-1, 145, 179
0, 164, 13
1, 66, 178
-1, 83, 121
-1, 57, 117
-1, 62, 177
-1, 6, 30
-1, 158, 156
-1, 29, 25
-1, 23, 38
1, 69, 104
-1, 67, 1
1, 92, 141
-1, 157, 170
-1, 154, 147
1, 150, 87
-1, 82, 12
-1, 111, 18
-1, 40, 155
0, 44, 45
-1, 14, 145
-1, 109, 149
1, 156, 95
-1, 151, 13
-1, 109, 154
1, 76, 6
1, 11, 193
-1, 163, 106
-1, 163, 167
1, 81, 44
1, 169, 161
1, 151, 45
0, 167, 97
-1, 42, 38
1, 194, 133
1, 10, 34
1, 173, 181
-1, 160, 89
1, 135, 149
-1, 49, 152
-1, 40, 111
-1, 64, 129
0, 166, 17
-1, 61, 129
1, 153, 156
0, 152, 106
1, 68, 194
-1, 147, 173
1, 114, 146
-1, 125, 156
1, 101, 102
0, 165, 123
1, 18, 0
-1, 147, 52
-1, 160, 177
-1, 99, 181
-1, 138, 108
-1, 107, 69
0, 30, 158
1, 150, 46
1, 185, 42
1, 92, 111
-1, 108, 129
-1, 191, 174
1, 98, 63
1, 154, 143
1, 54, 167
1, 163, 169
-1, 81, 9
0, 112, 162
1, 90, 168
-1, 103, 127
-1, 86, 162
-1, 50, 40
-1, 32, 35
-1, 19, 68
-1, 168, 71
1, 160, 192
-1, 174, 10
-1, 40, 117
-1, 111, 19
-1, 6, 77
-1, 49, 52
1, 62, 80
1, 8, 69
-1, 49, 87
-1, 113, 152
1, 115, 161
1, 125, 126
-1, 125, 132
-1, 70, 41
-1, 161, 71
1, 0, 28
-1, 80, 189
1, 96, 177
-1, 66, 82
-1, 7, 34
-1, 63, 97
-1, 67, 117
1, 150, 132
-1, 53, 31
-1, 120, 36
-1, 168, 0
-1, 60, 90
-1, 110, 98
1, 52, 63
-1, 89, 59
1, 24, 62
-1, 65, 28
-1, 2, 111
1, 12, 85
-1, 110, 14
-1, 76, 118
-1, 113, 180
-1, 99, 37
-1, 136, 78
-1, 140, 195
-1, 145, 150
-1, 171, 102
-1, 20, 152
-1, 172, 42
-1, 64, 110
1, 133, 148
-1, 187, 145
1, 162, 75
1, 123, 82
1, 110, 99
-1, 169, 189
-1, 147, 102
-1, 76, 60
-1, 34, 33
1, 22, 110
1, 195, 20
1, 173, 174
-1, 174, 43
1, 43, 103
-1, 74, 10
-1, 84, 109
1, 73, 186
1, 76, 101
1, 22, 24
-1, 9, 75
-1, 8, 171
1, 162, 150
-1, 82, 45
-1, 135, 64
1, 111, 163
1, 183, 38
1, 12, 8
-1, 133, 26
-1, 57, 13
-1, 114, 22
-1, 139, 121
-1, 82, 15
1, 88, 45
1, 172, 62
1, 26, 160
1, 1, 133
1, 84, 8
-1, 113, 179
1, 33, 34
-1, 36, 182
-1, 128, 174
-1, 190, 78
1, 130, 51
1, 97, 87
-1, 157, 143
1, 108, 42
-1, 111, 157
-1, 79, 106
1, 90, 164
-1, 82, 109
-1, 58, 34
1, 141, 169
-1, 154, 20
1, 147, 188
-1, 61, 25
-1, 52, 91
-1, 126, 33
1, 131, 116
-1, 140, 76
1, 30, 189
-1, 82, 65
1, 0, 5
-1, 151, 114
-1, 60, 181
1, 135, 79
-1, 12, 31
-1, 137, 71
1, 47, 8
1, 95, 155
-1, 95, 70
1, 64, 54
1, 90, 114
-1, 124, 121
-1, 20, 84
1, 145, 18
-1, 14, 63
1, 142, 9
-1, 30, 24
-1, 1, 108
-1, 159, 154
1, 60, 158
-1, 57, 93
1, 181, 89
1, 71, 141
-1, 44, 21
-1, 67, 165
-1, 90, 148
1, 59, 116
1, 148, 124
1, 102, 19
-1, 71, 43
-1, 130, 58
-1, 9, 170
1, 72, 29
1, 150, 49
1, 91, 172
1, 41, 12
1, 170, 66
1, 50, 97
1, 18, 12
1, 77, 97
1, 101, 160
1, 176, 88
1, 41, 61
1, 65, 180
1, 0, 141
1, 178, 91
-1, 31, 182
-1, 54, 80
1, 86, 147
-1, 154, 46
-1, 120, 118
-1, 144, 82
-1, 169, 59
-1, 148, 117
1, 143, 67
-1, 16, 17
-1, 74, 131
-1, 67, 50
-1, 157, 140
1, 11, 39
-1, 34, 42
-1, 178, 132
0, 194, 173
1, 62, 63
0, 69, 61
-1, 8, 41
1, 142, 86
1, 22, 73
1, 26, 124
1, 56, 82
1, 159, 11
1, 134, 102
1, 58, 8
1, 83, 21
1, 23, 13
1, 178, 191
1, 196, 119
1, 113, 9
1, 18, 9
1, 64, 129
1, 53, 54
-1, 159, 0
1, 58, 64
1, 1, 3
1, 168, 65
-1, 175, 184
-1, 124, 189
-1, 21, 55
-1, 51, 104
1, 111, 49
-1, 120, 3
-1, 39, 22
-1, 158, 126
-1, 190, 94
-1, 46, 64
1, 193, 138
-1, 59, 54
-1, 24, 96
1, 184, 36
1, 56, 104
1, 148, 123
1, 65, 155
-1, 99, 53
1, 64, 65
-1, 65, 192
1, 176, 45
1, 117, 98
-1, 195, 160
1, 180, 145
-1, 128, 18
1, 189, 74
1, 98, 99
-1, 97, 26
-1, 65, 41
1, 17, 97
1, 20, 81
-1, 187, 80
-1, 125, 60
1, 121, 99
-1, 145, 77
1, 44, 77
-1, 44, 190
1, 24, 135
1, 85, 155
-1, 34, 174
1, 53, 80
1, 194, 155
-1, 178, 144
1, 149, 99
1, 5, 146
-1, 163, 77
1, 76, 137
1, 3, 187
1, 10, 113
-1, 191, 141
-1, 122, 164
-1, 196, 94
-1, 72, 151
-1, 120, 140
-1, 31, 46
-1, 146, 29
-1, 76, 47
-1, 80, 187
-1, 110, 124
-1, 27, 143
-1, 159, 2
1, 27, 24
-1, 79, 195
1, 135, 97
-1, 45, 42
-1, 33, 119
-1, 192, 142
-1, 99, 150
1, 85, 80
1, 96, 3
1, 88, 148
-1, 116, 29
1, 178, 148
-1, 157, 87
-1, 35, 52
-1, 14, 70
1, 147, 191
1, 172, 8
-1, 71, 47
1, 1, 166
-1, 83, 10
0, 87, 28
-1, 79, 109
-1, 196, 71
1, 22, 136
-1, 84, 166
-1, 178, 112
-1, 17, 191
-1, 110, 136
1, 126, 191
-1, 76, 54
-1, 6, 88
1, 162, 30
-1, 136, 25
1, 181, 175
-1, 132, 32
-1, 88, 50
-1, 175, 3
1, 47, 64
1, 96, 83
1, 111, 100
1, 78, 107
-1, 124, 125
1, 100, 14
1, 142, 187
-1, 39, 27
1, 130, 185
-1, 0, 189
1, 139, 63
1, 69, 24
0, 28, 138
-1, 172, 170
1, 151, 21
1, 60, 160
-1, 66, 85
-1, 73, 69
1, 16, 82
1, 151, 152
1, 0, 4
0, 105, 175
1, 101, 6
1, 91, 152
-1, 31, 122
-1, 40, 154
1, 72, 73
1, 36, 113
1, 118, 187
1, 63, 50
1, 57, 157
-1, 53, 184
1, 43, 99
1, 108, 113
-1, 131, 159
1, 28, 74
-1, 191, 175
1, 56, 131
-1, 63, 29
-1, 20, 10
0, 7, 74
1, 21, 150
1, 185, 27
-1, 164, 160
1, 31, 47
-1, 122, 64
1, 36, 160
1, 134, 46
1, 88, 106
-1, 35, 126
-1, 5, 162
1, 0, 142
-1, 115, 68
1, 154, 140
-1, 1, 125
-1, 191, 94
1, 86, 31
1, 41, 12
-1, 64, 55
-1, 50, 132
1, 13, 110
-1, 92, 112
1, 102, 168
-1, 156, 37
-1, 10, 96
1, 114, 6
-1, 153, 29
1, 94, 148
-1, 182, 54
-1, 55, 114
-1, 62, 90
-1, 57, 117
-1, 77, 78
1, 94, 11
-1, 142, 78
1, 19, 191
-1, 152, 78
0, 165, 14
-1, 149, 189
1, 17, 11
-1, 99, 95
1, 78, 133
-1, 163, 95
1, 90, 11
1, 158, 186
-1, 170, 22
-1, 157, 38
1, 165, 133
1, 137, 3
0, 86, 169
0, 27, 61
0, 149, 18
1, 41, 110
-1, 163, 141
1, 54, 130
1, 171, 65
1, 43, 144
-1, 89, 54
-1, 110, 11
0, 22, 87
-1, 110, 170
-1, 128, 71
1, 141, 182
1, 95, 14
-1, 137, 103
0, 33, 172
1, 67, 124
0, 69, 101
-1, 192, 120
-1, 72, 84
1, 101, 25
1, 50, 35
1, 60, 164
0, 116, 25
1, 19, 86
-1, 94, 151
-1, 153, 105
1, 119, 16
1, 172, 150
0, 96, 37
1, 191, 38
1, 7, 89
-1, 61, 162
-1, 117, 18
1, 18, 46
-1, 10, 102
-1, 46, 58
1, 11, 97
-1, 150, 128
1, 38, 128
-1, 70, 85
1, 102, 195
1, 194, 193
1, 145, 73
1, 173, 158
1, 190, 104
1, 138, 169
1, 180, 34
-1, 116, 189
-1, 173, 60
1, 153, 120
-1, 63, 102
1, 118, 13
-1, 115, 130
-1, 133, 17
1, 40, 148
1, 159, 160
-1, 75, 147
-1, 180, 85
1, 108, 79
-1, 116, 73
1, 4, 195
0, 111, 87
0, 37, 176
0, 86, 102
-1, 180, 11
-1, 180, 55
-1, 97, 2
-1, 9, 70
-1, 1, 153
-1, 115, 176
-1, 21, 105
0, 5, 175
0, 4, 118
1, 30, 55
-1, 103, 151
1, 48, 20
1, 190, 146
1, 154, 77
1, 160, 185
-1, 111, 150
-1, 73, 148
1, 105, 71
-1, 72, 26
-1, 91, 25
-1, 51, 119
0, 176, 179
1, 109, 164
1, 185, 179
-1, 189, 87
-1, 166, 98
0, 87, 153
-1, 123, 111
-1, 107, 49
-1, 36, 62
0, 60, 4
1, 95, 160
-1, 167, 70
-1, 79, 54
-1, 15, 77
1, 121, 9
1, 39, 57
-1, 186, 93
1, 154, 25
1, 35, 42
-1, 138, 149
1, 85, 44
1, 60, 16
1, 159, 66
-1, 31, 3
1, 117, 146
-1, 86, 132
1, 43, 53
1, 135, 23
-1, 34, 0
-1, 171, 149
-1, 140, 165
-1, 71, 1
-1, 112, 125
-1, 158, 77
1, 113, 58
-1, 112, 121
1, 0, 31
-1, 116, 60
1, 167, 40
1, 159, 51
1, 12, 115
1, 52, 39
-1, 5, 195
-1, 116, 67
1, 2, 144
1, 167, 67
1, 45, 133
-1, 135, 183
1, 61, 98
-1, 155, 2
1, 33, 171
1, 125, 155
-1, 20, 13
0, 102, 145
-1, 188, 21
-1, 109, 94
-1, 63, 95
-1, 161, 81
-1, 20, 2
0, 31, 141
-1, 114, 0
1, 150, 58
1, 52, 171
1, 195, 141
-1, 21, 13
1, 114, 67
-1, 134, 102
-1, 16, 58
-1, 183, 127
1, 97, 113
-1, 157, 167
-1, 188, 47
1, 195, 169
1, 168, 166
-1, 148, 76
1, 72, 160
1, 136, 20
-1, 37, 88
1, 179, 111
1, 2, 144
1, 33, 66
-1, 81, 76
1, 78, 185
1, 71, 24
1, 17, 82
1, 145, 70
-1, 79, 169
1, 39, 141
-1, 181, 23
-1, 66, 140
-1, 106, 164
-1, 123, 138
1, 56, 40
1, 190, 186
1, 92, 143
1, 44, 73
-1, 45, 21
-1, 152, 117
1, 10, 108
1, 115, 20
-1, 45, 134
-1, 5, 17
1, 190, 156
-1, 18, 119
1, 28, 161
-1, 107, 0
1, 90, 74
-1, 28, 111
-1, 63, 67
-1, 16, 43
1, 191, 45
-1, 153, 64
0, 169, 128
-1, 52, 21
-1, 78, 109
1, 78, 52
-1, 45, 71
1, 32, 62
1, 166, 100
1, 104, 98
1, 47, 169
1, 183, 118
-1, 147, 184
-1, 75, 182
1, 195, 24
1, 56, 119
1, 38, 1
-1, 89, 91
-1, 161, 70
-1, 144, 134
1, 165, 124
1, 30, 128
-1, 96, 101
1, 2, 123
-1, 45, 91
-1, 103, 61
-1, 187, 77
-1, 44, 72
-1, 162, 14
1, 134, 191
-1, 137, 70
-1, 99, 60
-1, 152, 145
-1, 69, 60
1, 184, 6
-1, 139, 108
-1, 122, 149
1, 79, 139
-1, 97, 131
-1, 48, 80
-1, 52, 67
-1, 44, 61
-1, 96, 94
0, 143, 151
1, 11, 23
1, 97, 16
-1, 157, 57
0, 86, 172
-1, 55, 85
-1, 95, 163
-1, 75, 157
-1, 157, 27
1, 51, 23
-1, 138, 39
-1, 146, 19
-1, 2, 14
-1, 70, 44
-1, 136, 83
1, 12, 28
1, 96, 150
-1, 130, 170
-1, 35, 28
1, 98, 78
-1, 2, 37
0, 98, 26
1, 14, 170
1, 37, 98
1, 173, 171
1, 180, 128
-1, 83, 189
1, 108, 137
0, 116, 106
1, 110, 187
1, 23, 59
-1, 126, 170
-1, 146, 85
0, 32, 35
-1, 95, 183
0, 176, 54
-1, 1, 33
0, 70, 83
1, 159, 75
0, 192, 37
1, 35, 123
1, 40, 45
1, 143, 131
-1, 163, 185
1, 54, 87
-1, 16, 45
1, 102, 70
-1, 151, 183
-1, 77, 100
-1, 179, 57
-1, 99, 55
1, 180, 36
-1, 108, 151
-1, 182, 26
1, 116, 87
-1, 6, 52
-1, 133, 162
0, 142, 170
1, 142, 38
1, 64, 31
-1, 185, 94
-1, 155, 18
1, 108, 156
-1, 1, 166
-1, 73, 4
-1, 106, 61
-1, 80, 17
1, 77, 169
-1, 152, 92
-1, 11, 129
-1, 168, 76
-1, 12, 19
1, 65, 171
1, 30, 63
-1, 131, 183
-1, 30, 120
1, 72, 49
-1, 178, 101
1, 69, 34
-1, 186, 113
-1, 169, 30
-1, 6, 177
-1, 129, 1
-1, 160, 183
-1, 129, 57
1, 15, 80
-1, 152, 109
-1, 193, 76
1, 46, 169
1, 170, 192
-1, 147, 33
-1, 96, 182
1, 34, 123
-1, 8, 32
-1, 31, 23
-1, 182, 104
-1, 143, 107
-1, 48, 70
-1, 92, 140
-1, 161, 134
1, 184, 110
-1, 168, 102
-1, 96, 39
-1, 71, 93
-1, 101, 10
1, 48, 161
-1, 168, 47
-1, 161, 68
-1, 134, 188
-1, 49, 50
1, 105, 93
-1, 194, 14
1, 116, 122
1, 64, 103
1, 184, 174
-1, 190, 149
-1, 186, 157
-1, 121, 93
1, 179, 123
-1, 40, 10
-1, 63, 40
-1, 95, 101
-1, 164, 179
-1, 31, 69
-1, 49, 97
1, 126, 2
1, 154, 106
-1, 40, 162
-1, 145, 58
-1, 153, 131
-1, 112, 193
-1, 159, 98
-1, 166, 61
1, 80, 141
-1, 31, 34
-1, 156, 16
-1, 185, 121
1, 35, 1
-1, 185, 112
1, 59, 183
1, 135, 120
1, 127, 54
-1, 143, 58
1, 191, 180
1, 157, 95
-1, 92, 164
-1, 170, 80
1, 76, 92
-1, 24, 74
1, 0, 188
1, 15, 149
-1, 109, 58
1, 105, 180
1, 149, 140
0, 132, 28
1, 36, 90
-1, 153, 102
-1, 41, 22
1, 138, 163
-1, 19, 38
0, 54, 51
0, 54, 145
-1, 67, 76
0, 100, 22
-1, 89, 125
-1, 137, 109
1, 138, 23
-1, 93, 83
-1, 134, 151
0, 6, 119
-1, 58, 43
-1, 8, 122
0, 142, 175
-1, 131, 71
-1, 80, 109
-1, 59, 132
1, 41, 185
0, 51, 118
-1, 1, 147
0, 38, 75
-1, 124, 132
-1, 145, 45
-1, 155, 92
-1, 83, 4
-1, 192, 109
0, 47, 156
0, 66, 132
-1, 81, 146
0, 158, 192
0, 98, 165
-1, 13, 31
0, 192, 188
-1, 79, 23
1, 132, 124
0, 101, 78
1, 38, 155
-1, 86, 46
1, 194, 79
1, 175, 83
-1, 44, 194
1, 172, 166
-1, 40, 67
0, 175, 118
-1, 40, 164
0, 43, 128
1, 47, 90
0, 53, 142
-1, 1, 143
0, 55, 10
-1, 138, 143
-1, 190, 154
-1, 73, 103
-1, 113, 142
1, 47, 128
1, 173, 145
1, 148, 110
0, 167, 14
-1, 151, 165
1, 14, 73
1, 139, 168
-1, 163, 157
1, 195, 151
1, 193, 171
1, 154, 35
-1, 187, 50
0, 5, 152
1, 84, 86
-1, 36, 151
-1, 24, 45
-1, 188, 4
1, 41, 50
1, 6, 49
1, 134, 113
-1, 109, 41
-1, 154, 129
-1, 15, 19
1, 125, 182
1, 165, 130
1, 181, 168
1, 134, 166
1, 70, 63
1, 127, 175
-1, 190, 1
1, 46, 24
1, 171, 80
1, 60, 75
1, 191, 71
-1, 89, 56
-1, 35, 4
-1, 82, 120
-1, 99, 155
-1, 64, 108
-1, 8, 17
1, 65, 186
-1, 157, 52
1, 6, 168
-1, 35, 17
-1, 57, 125
1, 157, 146
1, 133, 106
0, 4, 98
-1, 59, 172
1, 75, 11
1, 22, 92
-1, 164, 151
0, 174, 93
1, 33, 160
1, 88, 128
1, 193, 190
1, 111, 147
-1, 36, 42
1, 181, 122
1, 74, 14
1, 77, 25
-1, 46, 126
1, 60, 182
1, 161, 31
1, 73, 97
-1, 148, 35
-1, 188, 95
1, 111, 79
0, 183, 182
-1, 55, 130
1, 14, 63
0, 28, 188
-1, 16, 89
1, 167, 11
1, 127, 110
0, 10, 4
-1, 80, 76
-1, 49, 171
1, 77, 6
1, 4, 25
0, 141, 179
-1, 16, 135
1, 135, 58
1, 97, 160
-1, 48, 17
0, 191, 144
0, 194, 56
0, 26, 72
-1, 67, 126
-1, 150, 112
-1, 19, 56
-1, 32, 149
-1, 105, 110
0, 128, 162
-1, 69, 169
-1, 84, 189
1, 0, 168
-1, 144, 5
0, 53, 64
1, 127, 1
-1, 109, 35
-1, 36, 43
-1, 59, 28
1, 188, 23
1, 109, 52
1, 67, 63
1, 18, 51
1, 192, 75
1, 58, 79
-1, 17, 143
1, 159, 86
1, 175, 23
1, 181, 102
1, 160, 137
1, 159, 163
1, 83, 169
1, 76, 84
-1, 62, 111
1, 50, 161
-1, 192, 74
-1, 77, 173
1, 10, 129
-1, 19, 25
1, 117, 74
-1, 188, 173
-1, 186, 3
1, 102, 126
-1, 96, 46
1, 38, 135
-1, 187, 57
-1, 81, 164
-1, 183, 12
1, 45, 0
1, 39, 115
1, 107, 16
-1, 91, 136
1, 149, 186
-1, 140, 21
1, 132, 3
-1, 49, 159
-1, 107, 174
-1, 110, 100
-1, 81, 194
-1, 27, 152
-1, 43, 155
-1, 85, 87
1, 16, 59
-1, 191, 12
1, 117, 19
-1, 81, 6
1, 19, 135
-1, 132, 13
1, 122, 53
1, 164, 141
-1, 107, 153
1, 59, 106
-1, 163, 116
-1, 92, 90
1, 34, 189
1, 120, 10
1, 162, 11
1, 19, 0
-1, 80, 71
-1, 116, 143
-1, 52, 195
1, 131, 22
1, 19, 139
-1, 152, 165
-1, 62, 153
-1, 48, 107
-1, 183, 90
-1, 71, 68
1, 162, 1
-1, 63, 38
-1, 32, 175
1, 138, 172
1, 96, 83
1, 183, 11
-1, 67, 60
0, 108, 109
-1, 184, 120
1, 160, 50
0, 97, 99
-1, 65, 57
-1, 52, 19
1, 181, 126
1, 3, 133
-1, 157, 44
1, 159, 48
-1, 161, 32
0, 161, 24
1, 119, 10
1, 193, 110
-1, 188, 192
0, 27, 53
0, 73, 11
-1, 128, 111
-1, 116, 103
1, 39, 122
-1, 58, 111
0, 79, 96
1, 195, 120
1, 163, 77
1, 168, 14
0, 37, 8
0, 140, 158
0, 118, 14
0, 144, 63
0, 125, 152
0, 138, 131
0, 7, 135
0, 151, 13
0, 61, 190
0, 184, 134
0, 135, 144
-1, 7, 167
0, 72, 23
-1, 58, 69
1, 125, 172
1, 48, 3
0, 156, 133
-1, 6, 79
1, 88, 156
1, 61, 165
1, 134, 97
0, 195, 38
1, 78, 79
1, 178, 63
1, 111, 48
-1, 74, 137
1, 98, 174
-1, 99, 54
1, 67, 122
-1, 171, 71
1, 73, 0
-1, 107, 29
-1, 67, 26
-1, 75, 114
-1, 172, 104
-1, 45, 110
1, 13, 10
0, 179, 164
-1, 187, 2
-1, 59, 114
-1, 124, 61
-1, 137, 121
-1, 1, 149
1, 47, 41
1, 70, 71
0, 140, 1
-1, 52, 189
1, 111, 117
1, 173, 64
-1, 97, 101
-1, 32, 148
-1, 119, 149
-1, 116, 126
1, 116, 156
-1, 128, 12
1, 54, 113
-1, 144, 161
1, 124, 8
1, 67, 68
-1, 185, 195
-1, 100, 193
-1, 139, 54
-1, 168, 130
-1, 82, 146
-1, 53, 155
1, 118, 25
-1, 87, 164
1, 181, 118
-1, 15, 173
0, 61, 60
1, 176, 14
-1, 41, 63
-1, 191, 158
-1, 35, 191
1, 94, 37
1, 10, 17
-1, 117, 114
1, 160, 52
1, 158, 167
-1, 181, 141
1, 37, 31
-1, 119, 143
-1, 124, 3
1, 83, 95
1, 3, 28
1, 47, 101
-1, 32, 19
0, 194, 37
-1, 110, 94
-1, 145, 60
1, 114, 110
1, 175, 174
-1, 120, 78
0, 73, 143
-1, 63, 116
1, 85, 141
1, 156, 190
1, 48, 123
1, 121, 88
-1, 104, 85
-1, 174, 45
1, 68, 44
-1, 52, 148
1, 194, 89
1, 39, 195
-1, 178, 64
1, 27, 57
-1, 161, 4
1, 111, 110
0, 151, 94
-1, 53, 4
0, 195, 69
0, 56, 181
1, 20, 73
0, 85, 48
0, 70, 6
0, 150, 61
1, 196, 187
0, 50, 30
0, 18, 86
-1, 186, 92
1, 172, 169
1, 13, 88
-1, 157, 50
0, 50, 28
0, 20, 183
0, 149, 121
1, 150, 65
1, 193, 55
-1, 139, 132
0, 17, 52
1, 39, 40
0, 26, 143
-1, 65, 30
-1, 187, 101
-1, 52, 3
-1, 50, 172
-1, 167, 139
-1, 147, 108
-1, 51, 166
-1, 140, 43
-1, 0, 169
-1, 43, 132
-1, 145, 104
-1, 71, 91
-1, 87, 28
-1, 157, 127
1, 127, 131
-1, 8, 48
1, 192, 95
1, 180, 67
1, 68, 62
-1, 186, 126
1, 104, 186
0, 146, 104
0, 62, 162
0, 157, 1
0, 57, 72
0, 76, 170
0, 70, 152
0, 169, 81
0, 144, 164
0, 35, 33
-1, 63, 59
-1, 13, 177
0, 37, 142
0, 34, 60
0, 86, 42
1, 21, 39
-1, 118, 134
-1, 161, 174
-1, 153, 58
-1, 97, 73
0, 146, 57
-1, 18, 56
0, 138, 177
0, 53, 64
0, 154, 14
1, 77, 186
0, 45, 120
1, 49, 125
0, 161, 93
0, 81, 43
0, 100, 6
0, 109, 65
0, 22, 71
0, 2, 12
0, 117, 103
0, 40, 21
0, 72, 51
0, 181, 54
0, 37, 65
0, 27, 87
0, 177, 61
0, 156, 174
1, 88, 166
0, 14, 145
0, 95, 81
0, 157, 143
0, 37, 72
0, 47, 41
0, 113, 108
0, 60, 122
-1, 8, 44
0, 166, 46
0, 1, 166
0, 146, 129
0, 140, 46
0, 46, 90
-1, 74, 174
0, 147, 2
0, 80, 195
0, 93, 21
1, 83, 79
0, 121, 101
0, 161, 176
1, 25, 134
0, 145, 24
-1, 34, 165
0, 58, 45
-1, 6, 76
0, 105, 193
-1, 31, 164
1, 38, 145
0, 87, 179
0, 163, 101
0, 36, 89
0, 12, 4
-1, 35, 190
0, 72, 43
0, 1, 119
0, 66, 140
-1, 47, 132
1, 129, 79
0, 108, 76
0, 149, 33
-1, 110, 98
1, 32, 3
0, 0, 154
0, 52, 143
0, 107, 46
0, 24, 82
0, 76, 54
0, 45, 144
0, 17, 188
0, 67, 9
0, 65, 88
0, 12, 54
1, 7, 138
0, 69, 178
0, 18, 40
0, 14, 78
-1, 180, 56
-1, 138, 72
0, 12, 21
-1, 138, 127
0, 102, 4
1, 119, 105
0, 72, 91
1, 41, 126
1, 132, 31
0, 46, 164
0, 10, 111
0, 17, 163
0, 50, 188
1, 30, 65
1, 91, 189
-1, 122, 136
0, 122, 126
1, 130, 8
-1, 184, 69
0, 26, 38
1, 42, 138
-1, 25, 148
-1, 29, 114
1, 132, 139
0, 140, 125
0, 29, 90
0, 140, 106
-1, 124, 51
-1, 36, 172
1, 130, 86
0, 162, 47
0, 109, 52
0, 144, 5
1, 132, 86
1, 113, 72
0, 47, 129
1, 79, 186
-1, 79, 110
0, 115, 179
1, 159, 126
1, 108, 186
-1, 103, 56
1, 54, 138
0, 162, 6
1, 154, 84
0, 82, 163
-1, 85, 133
0, 165, 12
1, 75, 92
1, 91, 83
1, 165, 51
0, 94, 174
-1, 64, 42
0, 163, 146
1, 140, 79
1, 80, 17
0, 39, 155
1, 35, 171
0, 177, 113
1, 190, 9
-1, 17, 195
-1, 169, 84
0, 43, 25
0, 166, 164
1, 18, 111
1, 194, 50
1, 119, 35
-1, 44, 18
0, 171, 165
-1, 88, 68
0, 7, 175
0, 0, 181
1, 193, 82
1, 14, 44
0, 173, 113
-1, 3, 119
1, 66, 189
0, 162, 143
-1, 59, 5
1, 119, 48
0, 84, 158
0, 33, 80
-1, 41, 27
0, 147, 113
0, 5, 95
1, 23, 184
-1, 95, 21
-1, 122, 19
1, 165, 123
1, 64, 58
1, 134, 76
0, 133, 3
-1, 184, 17
1, 73, 79
-1, 66, 89
1, 19, 3
1, 183, 147
0, 14, 71
1, 11, 182
-1, 65, 96
-1, 63, 132
1, 130, 168
1, 35, 194
0, 159, 137
-1, 82, 135
1, 4, 189
-1, 59, 69
0, 181, 138
-1, 72, 157
1, 30, 32
-1, 128, 2
1, 56, 59
0, 119, 151
1, 181, 92
1, 36, 80
0, 178, 22
-1, 6, 66
0, 156, 155
-1, 152, 155
0, 90, 194
0, 156, 14
1, 96, 107
-1, 40, 60
0, 78, 150
0, 103, 14
0, 115, 162
-1, 36, 54
1, 78, 140
-1, 187, 41
-1, 161, 142
-1, 57, 33
1, 179, 186
-1, 8, 128
1, 58, 192
-1, 101, 171
0, 116, 177
-1, 168, 18
-1, 9, 115
-1, 163, 68
1, 170, 99
-1, 21, 1
1, 40, 95
-1, 37, 118
0, 33, 60
1, 112, 17
1, 77, 70
0, 191, 21
1, 134, 8
0, 14, 61
1, 178, 66
0, 157, 44
1, 12, 184
0, 185, 155
-1, 81, 149
0, 139, 154
0, 58, 12
0, 75, 108
-1, 16, 169
0, 36, 20
0, 28, 87
1, 7, 127
0, 62, 147
0, 62, 159
1, 116, 120
0, 22, 26
-1, 45, 174
0, 175, 143
0, 18, 105
1, 169, 140
0, 59, 28
-1, 16, 121
0, 133, 40
-1, 40, 44
0, 161, 86
1, 39, 88
1, 111, 99
1, 81, 123
0, 54, 174
-1, 42, 183
0, 57, 86
-1, 74, 151
0, 76, 105
0, 76, 119
-1, 45, 0
0, 114, 48
1, 153, 94
1, 65, 160
0, 82, 75
-1, 100, 101
0, 72, 141
1, 93, 177
-1, 141, 114
1, 86, 46
1, 148, 81
0, 110, 73
1, 48, 83
0, 152, 16
1, 137, 83
0, 164, 180
-1, 151, 175
0, 153, 150
1, 159, 12
0, 144, 193
-1, 99, 165
0, 194, 55
1, 105, 161
0, 184, 178
-1, 132, 144
-1, 132, 176
-1, 140, 54
0, 48, 129
-1, 151, 15
-1, 128, 174
-1, 6, 109
1, 91, 68
0, 10, 27
0, 62, 59
1, 127, 141
0, 7, 142
0, 101, 20
0, 90, 42
0, 155, 136
0, 89, 70
0, 92, 118
0, 146, 111
-1, 62, 98
0, 60, 125
1, 50, 8
0, 86, 146
1, 155, 105
0, 166, 60
0, 124, 131
0, 4, 21
0, 129, 180
0, 104, 29
-1, 85, 0
0, 161, 134
0, 101, 102
-1, 94, 6
0, 193, 5
1, 125, 6
0, 27, 42
0, 3, 34
0, 70, 14
0, 177, 165
0, 171, 43
-1, 99, 87
0, 138, 134
-1, 46, 183
0, 71, 165
0, 131, 69
0, 14, 144
0, 137, 152
0, 122, 98
0, 54, 25
0, 61, 157
0, 60, 62
0, 10, 89
0, 67, 39
0, 180, 162
0, 100, 182
0, 87, 156
0, 100, 134
0, 79, 156
0, 9, 180
-1, 133, 78
0, 133, 105
0, 64, 48
1, 119, 113
0, 63, 115
0, 164, 98
0, 129, 7
0, 1, 22
0, 2, 141
0, 127, 98
0, 126, 94
-1, 29, 51
1, 179, 79
0, 126, 67
0, 26, 138
1, 151, 155
1, 28, 46
0, 73, 86
1, 129, 63
-1, 137, 79
0, 72, 19
0, 155, 111
1, 0, 188
1, 15, 23
0, 176, 125
0, 138, 44
-1, 82, 42
0, 169, 34
0, 22, 83
0, 169, 22
0, 26, 179
0, 175, 126
0, 43, 16
0, 52, 3
-1, 66, 163
0, 111, 18
-1, 147, 166
-1, 122, 179
0, 68, 160
0, 118, 69
0, 64, 167
0, 67, 98
-1, 115, 195
0, 115, 5
0, 133, 188
1, 0, 40
0, 68, 35
1, 93, 186
0, 82, 79
0, 69, 104
-1, 88, 30
0, 136, 170
1, 156, 75
0, 134, 52
1, 193, 122
0, 110, 135
0, 146, 55
0, 160, 134
0, 80, 96
0, 42, 189
0, 111, 122
0, 139, 49
0, 196, 193
0, 121, 178
0, 2, 63
0, 12, 30
1, 158, 187
0, 30, 56
0, 114, 22
1, 57, 186
0, 55, 154
0, 139, 167
0, 194, 149
-1, 16, 183
1, 75, 105
-1, 187, 117
-1, 148, 47
0, 92, 48
0, 164, 175
0, 12, 28
0, 85, 14
0, 150, 22
1, 86, 187
0, 17, 101
0, 9, 109
1, 109, 21
-1, 123, 136
1, 79, 110
0, 163, 102
-1, 50, 91
0, 166, 165
-1, 123, 160
1, 2, 70
1, 191, 106
1, 106, 58
1, 35, 63
0, 112, 23
0, 138, 122
1, 167, 9
0, 140, 136
-1, 104, 19
0, 20, 103
-1, 65, 183
0, 21, 65
1, 162, 182
1, 13, 113
0, 93, 30
-1, 147, 143
0, 28, 105
-1, 11, 20
0, 110, 137
-1, 149, 7
0, 5, 91
0, 185, 120
1, 15, 157
0, 185, 195
1, 184, 108
-1, 102, 51
0, 50, 124
-1, 30, 29
1, 129, 82
1, 140, 82
1, 103, 137
0, 107, 26
0, 151, 194
1, 164, 55
0, 183, 69
-1, 108, 172
-1, 133, 132
0, 79, 135
-1, 96, 68
-1, 173, 143
0, 152, 110
0, 188, 55
0, 179, 85
-1, 114, 180
0, 80, 156
-1, 106, 138
0, 195, 38
-1, 59, 129
-1, 4, 104
1, 121, 136
0, 103, 190
1, 89, 52
0, 108, 182
1, 77, 136
1, 99, 187
-1, 128, 133
0, 88, 76
-1, 34, 29
1, 51, 32
0, 98, 120
-1, 123, 11
-1, 81, 142
0, 122, 131
1, 96, 23
0, 64, 21
0, 143, 116
0, 62, 27
0, 28, 22
0, 10, 141
-1, 128, 87
0, 85, 158
1, 138, 187
1, 105, 133
0, 177, 87
0, 51, 115
-1, 113, 89
-1, 35, 156
1, 63, 192
0, 105, 69
-1, 35, 111
1, 109, 99
0, 80, 111
0, 115, 61
1, 43, 72
-1, 135, 0
-1, 63, 168
1, 57, 15
1, 129, 140
-1, 117, 19
1, 167, 164
-1, 188, 142
-1, 76, 158
-1, 187, 73
-1, 145, 96
1, 89, 11
1, 175, 74
0, 13, 81
0, 23, 145
-1, 106, 63
-1, 119, 101
-1, 54, 118
1, 62, 70
-1, 160, 32
-1, 186, 37
1, 52, 82
-1, 106, 150
-1, 113, 3
-1, 103, 113
-1, 131, 192
1, 169, 66
0, 173, 7
1, 159, 83
0, 44, 178
1, 123, 14
0, 108, 109
0, 36, 101
-1, 83, 22
0, 54, 179
0, 129, 42
0, 20, 65
0, 182, 98
0, 89, 181
0, 179, 136
0, 46, 105
-1, 36, 24
1, 60, 134
-1, 93, 134
-1, 48, 131
-1, 9, 71
-1, 42, 69
-1, 16, 42
-1, 22, 195
-1, 57, 31
1, 174, 95
-1, 49, 184
-1, 181, 163
-1, 187, 80
1, 4, 156
0, 34, 23
1, 7, 89
0, 113, 154
0, 46, 100
1, 175, 162
0, 184, 158
0, 48, 172
0, 154, 4
0, 182, 138
0, 68, 171
0, 130, 2
0, 162, 69
0, 191, 1
1, 170, 136
1, 19, 148
-1, 55, 26
-1, 3, 133
0, 51, 149
1, 18, 169
1, 150, 112
-1, 168, 73
0, 132, 80
-1, 128, 120
1, 52, 31
0, 78, 185
-1, 135, 106
0, 182, 147
-1, 92, 152
-1, 169, 151
-1, 8, 16
1, 84, 40
0, 181, 164
-1, 45, 44
1, 162, 5
-1, 57, 63
-1, 104, 125
-1, 79, 164
1, 30, 148
1, 130, 43
1, 19, 81
-1, 40, 134
1, 154, 185
1, 164, 44
0, 60, 69
-1, 107, 120
1, 51, 16
-1, 193, 93
1, 76, 107
-1, 39, 130
-1, 95, 167
-1, 174, 195
-1, 56, 161
-1, 129, 189
-1, 101, 151
-1, 132, 124
-1, 35, 168
-1, 165, 138
-1, 58, 156
-1, 142, 136
-1, 3, 92
-1, 49, 20
-1, 5, 144
-1, 167, 104
1, 77, 142
-1, 30, 12
-1, 114, 116
1, 157, 30
-1, 45, 43
-1, 172, 162
1, 68, 155
-1, 147, 163
-1, 76, 66
1, 7, 67
1, 64, 63
1, 15, 28
-1, 116, 96
-1, 134, 162
-1, 146, 6
-1, 8, 76
1, 39, 46
1, 145, 87
1, 139, 140
1, 177, 173
1, 97, 4
1, 56, 43
1, 49, 103
0, 132, 156
1, 68, 22
1, 171, 121
1, 97, 152
-1, 53, 89
1, 183, 89
1, 28, 16
1, 137, 102
1, 134, 178
1, 134, 105
1, 188, 140
1, 106, 52
1, 181, 12
1, 44, 189
1, 18, 190
1, 105, 21
1, 122, 78
1, 15, 121
1, 102, 151
1, 182, 109
1, 15, 103
1, 118, 184
1, 159, 49
1, 58, 31
1, 10, 91
1, 153, 177
1, 139, 112
1, 12, 21
1, 181, 140
1, 158, 141
1, 14, 122
1, 69, 102
1, 6, 108
1, 95, 64
1, 129, 107
1, 25, 13
1, 57, 23
1, 3, 42
1, 71, 68
1, 92, 18
1, 71, 29
1, 130, 32
1, 4, 8
1, 69, 96
1, 13, 96
1, 48, 166
1, 164, 25
1, 86, 166
1, 145, 153
1, 128, 105
1, 191, 69
1, 123, 146
1, 8, 157
-1, 163, 17
-1, 5, 188
-1, 14, 78
-1, 99, 44
-1, 105, 77
-1, 31, 70
1, 14, 148
1, 165, 115
1, 147, 81
1, 105, 59
-1, 134, 53
-1, 119, 151
1, 119, 12
1, 84, 169
1, 54, 177
1, 28, 187
-1, 80, 189
1, 137, 138
-1, 117, 62
1, 85, 99
-1, 106, 22
-1, 48, 82
-1, 186, 13
1, 117, 182
-1, 181, 29
1, 33, 89
1, 96, 6
1, 117, 81
-1, 57, 39
0, 5, 182
0, 195, 157
1, 74, 174
-1, 168, 125
1, 179, 93
1, 54, 160
1, 64, 97
-1, 190, 114
-1, 130, 127
1, 194, 44
1, 88, 100
0, 44, 109
0, 24, 115
-1, 6, 68
-1, 183, 0
-1, 53, 33
-1, 40, 19
-1, 8, 54
-1, 190, 155
0, 170, 193
1, 40, 8
1, 93, 57
1, 181, 174
1, 95, 65
-1, 84, 29
1, 103, 71
-1, 151, 158
1, 55, 82
1, 140, 133
-1, 22, 130
-1, 42, 180
-1, 74, 60
-1, 71, 38
-1, 8, 80
-1, 169, 151
-1, 130, 95
1, 26, 64
-1, 9, 36
1, 48, 71
0, 90, 66
-1, 114, 154
1, 142, 43
0, 182, 126
-1, 117, 57
-1, 48, 129
1, 47, 72
1, 41, 31
1, 165, 137
1, 169, 11
1, 120, 79
-1, 74, 1
-1, 98, 57
0, 128, 172
1, 151, 138
1, 140, 142
-1, 79, 0
0, 32, 168
1, 142, 123
0, 48, 68
1, 35, 139
-1, 34, 188
1, 87, 166
-1, 157, 192
1, 185, 144
1, 167, 65
-1, 156, 117
1, 165, 134
1, 191, 63
-1, 109, 30
1, 196, 67
-1, 137, 67
-1, 131, 35
1, 106, 187
0, 22, 167
1, 193, 124
-1, 139, 27
1, 26, 139
-1, 11, 121
-1, 23, 120
-1, 146, 170
-1, 178, 129
1, 89, 185
1, 53, 121
1, 11, 92
1, 54, 59
-1, 28, 127
1, 154, 20
1, 167, 2
-1, 45, 68
-1, 172, 134
1, 185, 9
1, 151, 168
-1, 155, 164
-1, 191, 3
-1, 145, 125
-1, 157, 140
-1, 97, 76
-1, 16, 29
-1, 113, 156
1, 128, 186
-1, 34, 6
-1, 90, 118
-1, 31, 149
-1, 155, 157
1, 124, 48
-1, 125, 38
1, 35, 174
-1, 82, 70
-1, 169, 71
-1, 15, 52
-1, 83, 75
1, 40, 16
-1, 8, 44
-1, 116, 4
1, 32, 83
1, 38, 157
-1, 108, 52
1, 143, 87
-1, 151, 107
1, 164, 51
1, 142, 80
1, 125, 102
-1, 53, 165
-1, 146, 0
-1, 178, 0
-1, 157, 80
-1, 152, 44
1, 23, 154
-1, 140, 4
1, 27, 77
-1, 186, 189
-1, 161, 105
1, 147, 160
1, 67, 113
-1, 44, 25
0, 25, 114
1, 121, 49
-1, 9, 152
0, 104, 178
1, 68, 7
1, 118, 71
1, 183, 92
-1, 31, 59
-1, 137, 184
1, 190, 187
1, 130, 161
-1, 178, 55
-1, 133, 8
1, 92, 34
1, 72, 147
-1, 127, 79
-1, 155, 161
1, 149, 76
-1, 84, 165
-1, 195, 104
1, 12, 49
-1, 6, 109
-1, 111, 44
1, 150, 96
-1, 157, 83
1, 15, 179
-1, 76, 15
0, 145, 28
-1, 75, 87
0, 170, 85
-1, 186, 34
0, 123, 178
1, 90, 133
0, 151, 103
1, 101, 180
-1, 68, 2
0, 60, 138
-1, 51, 145
-1, 150, 140
1, 13, 148
1, 33, 115
-1, 9, 179
1, 128, 129
-1, 9, 95
1, 78, 39
-1, 141, 96
-1, 39, 29
0, 97, 175
-1, 9, 167
-1, 57, 30
-1, 16, 143
1, 152, 113
-1, 138, 18
1, 29, 148
1, 177, 31
-1, 163, 78
1, 103, 26
-1, 155, 83
0, 93, 91
0, 151, 129
0, 17, 16
0, 172, 33
0, 119, 54
0, 124, 122
-1, 119, 54
-1, 124, 122
-1, 82, 61
-1, 167, 99
-1, 195, 128
-1, 168, 87
-1, 83, 115
-1, 143, 139
-1, 160, 148
-1, 186, 113
-1, 188, 46
-1, 124, 12
0, 77, 125
1, 156, 48
1, 190, 55
1, 121, 69
-1, 58, 114
1, 74, 8
-1, 191, 27
0, 93, 143
-1, 17, 11
-1, 193, 114
1, 92, 81
-1, 55, 105
1, 188, 169
-1, 13, 131
1, 30, 133
1, 92, 155
1, 108, 123
1, 149, 7
1, 123, 31
1, 47, 20
-1, 31, 117
1, 130, 188
0, 92, 45
1, 9, 50
-1, 178, 80
1, 23, 40
-1, 25, 3
1, 7, 79
-1, 107, 102
-1, 31, 22
1, 44, 13
1, 4, 91
1, 19, 96
1, 159, 55
1, 105, 73
-1, 25, 194
1, 149, 137
-1, 37, 158
1, 19, 127
1, 30, 103
1, 196, 171
1, 162, 2
-1, 50, 26
1, 61, 47
-1, 141, 92
1, 14, 127
-1, 83, 107
1, 47, 28
-1, 31, 104
1, 183, 164
-1, 44, 138
1, 68, 93
-1, 136, 165
-1, 8, 36
0, 84, 185
0, 107, 173
-1, 147, 39
1, 37, 28
1, 25, 79
1, 151, 173
-1, 107, 77
1, 185, 74
1, 86, 26
-1, 79, 139
-1, 160, 88
1, 65, 9
-1, 23, 22
1, 66, 159
1, 28, 111
1, 109, 6
1, 94, 56
-1, 35, 184
1, 140, 169
-1, 186, 188
1, 32, 137
-1, 67, 101
-1, 135, 167
-1, 146, 84
1, 17, 42
-1, 142, 77
1, 196, 152
-1, 34, 7
1, 7, 8
1, 24, 81
1, 50, 23
-1, 168, 30
1, 47, 83
-1, 9, 179
-1, 122, 132
1, 46, 169
-1, 9, 125
-1, 19, 131
1, 192, 11
-1, 145, 182
1, 135, 71
0, 171, 21
0, 192, 6
1, 132, 163
-1, 81, 164
-1, 104, 194
-1, 128, 140
-1, 140, 177
-1, 21, 39
1, 113, 185
1, 107, 121
1, 41, 45
1, 51, 113
-1, 158, 105
-1, 29, 42
0, 129, 185
-1, 127, 105
-1, 80, 154
-1, 80, 175
1, 53, 16
-1, 137, 93
-1, 9, 152
-1, 193, 179
1, 71, 16
1, 167, 45
0, 53, 18
-1, 171, 78
-1, 58, 151
-1, 157, 91
1, 81, 100
-1, 106, 41
1, 127, 148
1, 76, 50
1, 196, 35
-1, 118, 26
-1, 128, 189
1, 4, 66
1, 151, 168
-1, 186, 79
1, 102, 1
-1, 153, 116
1, 29, 182
1, 152, 168
0, 74, 37
0, 12, 82
-1, 132, 151
1, 95, 166
-1, 74, 140
1, 61, 136
1, 48, 156
-1, 8, 33
1, 19, 73
-1, 57, 184
1, 104, 158
-1, 141, 43
-1, 23, 158
1, 134, 50
-1, 74, 129
-1, 100, 33
-1, 132, 195
1, 175, 157
-1, 141, 29
-1, 45, 16
-1, 82, 77
1, 135, 111
1, 89, 188
-1, 168, 122
-1, 20, 54
-1, 62, 130
1, 34, 161
0, 28, 12
0, 128, 129
0, 22, 57
-1, 182, 84
1, 140, 128
-1, 92, 91
-1, 155, 120
0, 129, 22
0, 105, 94
-1, 32, 4
1, 119, 158
0, 29, 54
0, 115, 144
1, 30, 25
0, 180, 161
-1, 6, 94
-1, 97, 159
-1, 179, 2
1, 173, 107
1, 91, 80
-1, 44, 144
0, 191, 156
1, 196, 28
1, 145, 117
-1, 40, 118
1, 85, 110
1, 127, 109
1, 103, 7
0, 191, 188
1, 125, 17
1, 167, 92
1, 26, 134
1, 61, 40
1, 76, 152
0, 193, 136
1, 94, 38
-1, 168, 66
-1, 138, 96
0, 191, 25
-1, 62, 149
-1, 117, 159
-1, 110, 170
1, 49, 40
-1, 196, 96
-1, 47, 99
-1, 63, 150
-1, 65, 175
-1, 69, 162
1, 159, 184
-1, 3, 89
-1, 138, 70
1, 84, 134
1, 85, 34
-1, 92, 32
1, 66, 17
-1, 93, 24
-1, 45, 134
-1, 53, 135
-1, 160, 62
-1, 142, 1
-1, 6, 193
1, 108, 36
-1, 29, 181
1, 84, 163
1, 69, 188
-1, 108, 87
-1, 111, 154
1, 20, 72
1, 32, 23
1, 68, 15
1, 38, 188
1, 89, 122
-1, 78, 151
1, 18, 173
1, 24, 82
-1, 123, 174
1, 190, 68
1, 68, 59
-1, 85, 93
1, 67, 73
-1, 188, 94
1, 129, 125
1, 116, 119
-1, 7, 153
-1, 73, 135
1, 22, 81
1, 60, 88
1, 32, 20
-1, 65, 26
-1, 100, 13
-1, 157, 23
1, 88, 178
1, 166, 171
1, 117, 191
1, 43, 122
1, 93, 110
1, 159, 43
-1, 159, 164
-1, 110, 149
1, 148, 190
1, 128, 187
0, 164, 62
-1, 152, 113
1, 98, 115
1, 68, 34
-1, 79, 45
-1, 35, 83
1, 39, 13
1, 116, 145
1, 180, 160
-1, 31, 74
-1, 38, 140
-1, 146, 12
-1, 86, 91
-1, 62, 140
-1, 126, 42
-1, 82, 185
-1, 85, 84
-1, 127, 155
-1, 86, 190
-1, 33, 38
-1, 37, 69
-1, 61, 54
-1, 129, 172
-1, 22, 157
-1, 12, 129
-1, 40, 148
-1, 173, 33
-1, 65, 156
-1, 121, 107
-1, 100, 60
-1, 113, 42
-1, 58, 112
-1, 149, 104
-1, 181, 69
-1, 47, 48
-1, 108, 165
-1, 52, 19
-1, 139, 141
-1, 194, 37
-1, 167, 97
-1, 150, 156
-1, 140, 49
-1, 46, 77
-1, 29, 121
-1, 140, 68
-1, 97, 126
-1, 195, 34
-1, 146, 143
-1, 194, 5
-1, 57, 60
-1, 40, 76
-1, 151, 67
-1, 8, 29
-1, 9, 35
-1, 31, 60
-1, 79, 146
-1, 168, 32
-1, 11, 162
0, 109, 87
1, 135, 31
0, 177, 30
0, 175, 102
1, 50, 82
1, 89, 121
-1, 194, 164
1, 101, 97
-1, 41, 152
1, 140, 130
0, 17, 100
-1, 144, 2
1, 115, 99
1, 133, 192
1, 145, 178
1, 186, 4
1, 99, 64
1, 173, 167
1, 11, 153
1, 66, 111
1, 132, 90
1, 159, 27
1, 134, 191
1, 34, 26
1, 43, 83
1, 12, 107
1, 128, 24
1, 77, 46
1, 0, 150
1, 166, 109
1, 57, 142
1, 35, 9
1, 143, 29
1, 155, 152
1, 194, 160
1, 13, 42
1, 128, 15
1, 158, 56
1, 135, 39
1, 6, 73
1, 166, 76
1, 112, 58
1, 118, 87
1, 128, 122
1, 119, 126
1, 127, 30
1, 10, 70
1, 107, 81
1, 93, 50
1, 56, 1
1, 88, 133
1, 26, 43
1, 117, 12
1, 171, 77
1, 180, 150
1, 63, 166
1, 4, 57
1, 115, 13
1, 55, 158
1, 186, 15
0, 134, 75
0, 24, 131
1, 170, 109
0, 196, 96
0, 109, 70
-1, 84, 151
0, 114, 181
-1, 38, 166
1, 148, 92
1, 41, 13
-1, 97, 70
1, 104, 75
-1, 72, 195
0, 150, 140
1, 141, 97
0, 62, 189
1, 4, 34
-1, 92, 32
0, 52, 5
-1, 139, 176
1, 56, 23
1, 153, 128
1, 43, 58
-1, 180, 7
0, 104, 151
0, 10, 17
-1, 34, 26
-1, 178, 24
1, 29, 153
-1, 11, 138
1, 196, 104
1, 74, 123
1, 79, 171
1, 163, 63
1, 74, 86
0, 46, 170
-1, 24, 73
1, 122, 190
-1, 81, 171
1, 182, 43
1, 152, 86
1, 184, 19
1, 92, 30
-1, 187, 96
-1, 53, 169
1, 119, 155
1, 59, 113
0, 149, 84
0, 47, 65
1, 44, 178
1, 140, 9
-1, 100, 94
1, 104, 158
1, 104, 73
-1, 41, 143
-1, 113, 64
1, 142, 91
-1, 60, 181
1, 96, 147
1, 38, 187
-1, 134, 53
-1, 41, 18
-1, 63, 76
1, 20, 156
-1, 96, 76
-1, 173, 26
-1, 87, 53
-1, 107, 86
-1, 180, 13
1, 125, 25
-1, 171, 30
-1, 22, 41
1, 185, 193
1, 43, 136
-1, 104, 61
1, 93, 45
-1, 185, 177
-1, 124, 194
-1, 24, 106
1, 101, 40
-1, 163, 185
1, 161, 66
1, 104, 59
1, 148, 63
-1, 65, 179
-1, 40, 141
-1, 157, 153
-1, 172, 63
-1, 17, 116
-1, 57, 193
-1, 50, 83
-1, 66, 47
-1, 187, 122
-1, 33, 26
-1, 185, 45
-1, 61, 181
-1, 169, 156
-1, 117, 73
-1, 179, 127
-1, 33, 105
-1, 157, 13
1, 40, 127
1, 17, 76
1, 25, 16
1, 171, 5
1, 22, 104
1, 14, 148
1, 55, 76
1, 87, 107
1, 124, 60
1, 1, 183
1, 194, 88
1, 114, 58
1, 90, 139
1, 31, 108
1, 81, 149
1, 63, 106
1, 81, 160
1, 122, 17
1, 166, 86
1, 166, 136
1, 117, 47
1, 37, 15
1, 184, 191
1, 109, 30
1, 140, 77
1, 35, 57
1, 31, 51
1, 113, 56
1, 93, 187
1, 66, 144
1, 108, 25
1, 140, 119
1, 124, 67
1, 60, 126
1, 189, 103
1, 166, 176
1, 37, 101
1, 78, 55
1, 26, 39
1, 128, 43
1, 80, 38
1, 83, 72
1, 0, 193
1, 181, 29
1, 188, 157
1, 30, 104
1, 184, 34
1, 60, 194
1, 2, 139
1, 133, 149
1, 8, 17
1, 90, 47
1, 125, 140
1, 164, 109
1, 195, 30
1, 23, 35
1, 22, 78
1, 26, 55
-1, 78, 30
-1, 5, 23
-1, 153, 94
-1, 84, 63
-1, 114, 55
-1, 160, 91
-1, 110, 123
-1, 129, 178
-1, 81, 161
-1, 52, 99
-1, 6, 52
-1, 14, 8
-1, 90, 4
-1, 189, 97
-1, 71, 103
-1, 76, 171
-1, 67, 15
-1, 138, 45
-1, 137, 35
-1, 163, 18
-1, 132, 191
-1, 20, 71
-1, 130, 46
-1, 177, 156
-1, 122, 153
-1, 58, 111
-1, 44, 68
-1, 2, 144
-1, 23, 153
-1, 141, 55
-1, 143, 122
-1, 1, 119
-1, 181, 115
-1, 185, 104
-1, 165, 4
-1, 42, 83
-1, 117, 165
-1, 62, 174
-1, 147, 175
-1, 196, 6
-1, 95, 161
-1, 47, 1
-1, 59, 7
-1, 145, 43
-1, 116, 53
-1, 24, 178
-1, 99, 71
-1, 114, 60
-1, 18, 36
-1, 8, 115
-1, 122, 92
-1, 114, 55
-1, 6, 22
1, 76, 32
1, 168, 79
1, 139, 102
1, 194, 136
1, 89, 78
1, 65, 77
1, 167, 177
1, 57, 184
1, 16, 111
1, 87, 93
1, 26, 171
1, 138, 180
1, 84, 106
1, 48, 170
1, 66, 96
1, 76, 59
1, 162, 142
1, 135, 13
1, 33, 47
1, 169, 124
1, 69, 80
1, 13, 159
1, 51, 92
1, 109, 90
1, 157, 14
1, 17, 85
1, 66, 118
1, 142, 64
1, 185, 115
1, 12, 43
1, 176, 114
1, 187, 126
1, 31, 155
1, 21, 83
1, 2, 34
1, 188, 60
1, 150, 151
1, 28, 133
1, 136, 172
1, 143, 194
1, 49, 89
1, 54, 77
1, 184, 65
1, 8, 49
1, 27, 180
1, 42, 96
1, 189, 22
1, 138, 59
1, 70, 135
1, 46, 13
1, 22, 76
1, 40, 118
1, 125, 96
1, 129, 109
1, 146, 67
1, 168, 47
1, 36, 178
1, 62, 114
1, 88, 10
1, 11, 49
1, 142, 181
1, 168, 84
1, 97, 85
1, 161, 186
1, 141, 139
1, 37, 18
1, 7, 24
1, 111, 28
1, 43, 122
1, 49, 50
1, 142, 30
1, 38, 148
1, 150, 76
1, 114, 95
1, 191, 193
1, 52, 48
1, 42, 156
1, 117, 131
1, 104, 0
1, 187, 65
1, 123, 53
1, 30, 165
1, 32, 135
1, 79, 154
1, 6, 21
1, 137, 116
1, 114, 96
1, 76, 35
1, 58, 20
1, 71, 66
1, 162, 67
1, 114, 2
1, 36, 25
1, 147, 13
1, 33, 27
1, 56, 118
1, 167, 114
1, 166, 18
1, 59, 111
1, 147, 95
1, 97, 48
1, 43, 117
1, 51, 147
1, 64, 123
1, 181, 32
1, 142, 20
